{"cameraMode":{"drawMode":0,"name":"Shaded","section":"Shading Mode"},"sceneLighting":true,"audioPlay":false,"sceneViewState":{"showFog":true,"showMaterialUpdate":false,"showSkybox":true,"showFlares":true,"showImageEffects":true,"showParticleSystems":true},"in2DMode":false,"pivot":{"x":1.4547737836837769,"y":-3.4549760818481447,"z":6.540935039520264},"rotation":{"x":-0.44933608174324038,"y":-0.050350259989500049,"z":0.025360817089676858,"w":-0.891610324382782},"size":7.600451469421387,"orthographic":false}