{"cameraMode":{"drawMode":0,"name":"Shaded","section":"Shading Mode"},"sceneLighting":true,"audioPlay":false,"sceneViewState":{"showFog":true,"showMaterialUpdate":false,"showSkybox":true,"showFlares":true,"showImageEffects":true,"showParticleSystems":true},"in2DMode":false,"pivot":{"x":-147.47085571289063,"y":-17.223617553710939,"z":14.246715545654297},"rotation":{"x":0.11662697792053223,"y":-0.6379547119140625,"z":0.09859149903059006,"w":0.7548187375068665},"size":179.93814086914063,"orthographic":false}