{"cameraMode":{"drawMode":0,"name":"Shaded","section":"Shading Mode"},"sceneLighting":true,"audioPlay":false,"sceneViewState":{"showFog":true,"showMaterialUpdate":false,"showSkybox":true,"showFlares":true,"showImageEffects":true,"showParticleSystems":true},"in2DMode":false,"pivot":{"x":-0.3899405598640442,"y":-1.7209267616271973,"z":5.988343238830566},"rotation":{"x":0.21011874079704286,"y":-0.0322616808116436,"z":0.00692931329831481,"w":0.9771338105201721},"size":9.074795722961426,"orthographic":false}