{"cameraMode":{"drawMode":0,"name":"Shaded","section":"Shading Mode"},"sceneLighting":true,"audioPlay":false,"sceneViewState":{"showFog":true,"showMaterialUpdate":false,"showSkybox":true,"showFlares":true,"showImageEffects":true,"showParticleSystems":true},"in2DMode":false,"pivot":{"x":1.3068265914916993,"y":-8.780108451843262,"z":10.956770896911621},"rotation":{"x":0.20836734771728517,"y":0.3663893938064575,"z":-0.08455701917409897,"w":0.9028826355934143},"size":7.883474349975586,"orthographic":false}