{"cameraMode":{"drawMode":0,"name":"Shaded","section":"Shading Mode"},"sceneLighting":true,"audioPlay":false,"sceneViewState":{"showFog":true,"showMaterialUpdate":false,"showSkybox":true,"showFlares":true,"showImageEffects":true,"showParticleSystems":true},"in2DMode":false,"pivot":{"x":-12.390198707580567,"y":-5.4018707275390629,"z":3.42611026763916},"rotation":{"x":-0.04666825756430626,"y":-0.9345125555992127,"z":0.32669714093208315,"w":-0.13349631428718568},"size":8.828359603881836,"orthographic":false}