{"cameraMode":{"drawMode":0,"name":"Shaded","section":"Shading Mode"},"sceneLighting":true,"audioPlay":false,"sceneViewState":{"showFog":true,"showMaterialUpdate":false,"showSkybox":true,"showFlares":true,"showImageEffects":true,"showParticleSystems":true},"in2DMode":false,"pivot":{"x":-2.634521484375,"y":-7.432154655456543,"z":-16.986886978149415},"rotation":{"x":0.21488340198993684,"y":0.30594485998153689,"z":-0.07108402997255326,"w":0.9247726202011108},"size":46.82959747314453,"orthographic":false}