{"cameraMode":{"drawMode":0,"name":"Shaded","section":"Shading Mode"},"sceneLighting":true,"audioPlay":false,"sceneViewState":{"showFog":true,"showMaterialUpdate":false,"showSkybox":true,"showFlares":true,"showImageEffects":true,"showParticleSystems":true},"in2DMode":false,"pivot":{"x":-3.1004762649536135,"y":0.1784346103668213,"z":0.22569671273231507},"rotation":{"x":-0.11153345555067063,"y":0.702135443687439,"z":-0.11281488090753555,"w":-0.6941811442375183},"size":3.4572806358337404,"orthographic":false}